{
    "0": 0.0006451792143106815,
    "1": 0.06794673525882536,
    "2": 0.1564752582410674,
    "3": 0.04475219658570368,
    "4": 0.08281573401213746,
    "5": 0.06418658893606446,
    "6": 0.027355121725593914,
    "7": 0.03364706015620047,
    "8": 0.019989416640012754,
    "9": 0.04970455769859455,
    "10": 0.04635975874664587,
    "11": 0.03740294420720661,
    "12": 0.024631454026959026,
    "13": 0.052947781770180086,
    "14": 0.04074486408708225,
    "15": 0.009525984716438658,
    "16": 0.0666582565250552,
    "17": 0.04437000453521846,
    "18": 0.03418457411406861,
    "19": 0.03142899274846855,
    "20": 0.06422753605416584
}